sample,,AMP,,CHL,,GEN,,NAL,,STR,,SMX,,SXT
S10423-92,>,128,>,128,=,0.125,<=,1,=,32,>,512,=,32
S10905-92,>,128,=,64,=,0.25,=,2,<=,8,>,512,=,0.03
S12144-92,=,0.5,=,1,=,0.125,=,2,=,2,>,512,=,0.03
S08411-93,>,128,=,32,=,0.25,=,2,<=,16,>,512,=,0.03
S10543-93,>,128,=,64,=,8,=,2,<=,16,>,512,=,32
S01145-94,<=,0.25,=,1,=,0.125,=,2,=,2,<=,32,=,16
S06719-94,>,128,=,64,=,0.25,=,2,=,32,>,512,=,0.03
S07452-95,>,128,=,32,=,0.25,<=,1,<=,0.25,>,512,=,0.03
S07591-95,>,128,=,32,=,0.25,=,2,<=,16,>,512,=,0.06
S09202-95,=,0.5,=,1,=,0.25,=,2,<=,16,>,512,=,32
S10023-95,=,0.5,=,1,=,0.25,=,2,<=,0.25,<=,32,=,0.03
S07487-96,<=,0.25,=,2,=,0.125,=,2,=,0.5,=,64,=,0.03
S07497-96,=,0.5,=,1,=,0.5,>,128,<=,16,>,512,=,0.03
S08761-96,=,0.5,=,2,=,0.125,=,2,=,0.5,=,64,=,0.03
S11013-96,=,0.5,=,1,=,0.5,<=,1,<=,16,>,512,=,0.03
S04246-97,=,0.5,=,1,=,0.125,=,2,=,0.5,>,512,=,32
S04790-97,>,128,=,2,=,0.25,=,2,<=,8,>,512,=,0.03
S05339-97,=,0.5,=,1,=,0.25,=,2,<=,16,>,512,=,0.03
S08457-97,=,0.5,=,1,=,0.25,=,2,<=,2,=,64,=,0.03
S09137-97,>,128,=,1,=,0.25,=,2,<=,0.5,>,512,=,0.03
S01591-98,=,0.5,=,1,=,0.25,=,64,<=,2,<=,32,=,0.03
S01727-98,>,128,=,32,=,0.25,=,2,<=,16,>,512,=,0.03
S08887-98,>,128,=,1,=,0.25,>,128,<=,0.25,>,512,=,0.03
S01131-99,>,128,>,128,=,0.125,=,4,=,16,>,512,=,32
S03558-99,>,128,>,128,=,0.25,=,2,<=,16,>,512,=,0.03
S04322-99,>,128,=,32,=,0.25,=,2,<=,16,>,512,=,0.03
S06618-99,=,0.5,=,8,=,0.125,>,128,=,8,>,512,=,0.03
S07406-99,=,0.5,=,1,=,0.125,=,2,<=,1,=,64,=,0.03
S09281-99,>,128,=,32,=,0.25,>,128,<=,16,>,512,=,0.03
S01117-00,>,128,=,2,=,0.25,=,2,<=,2,>,512,=,0.03
S01566-00,>,128,>,128,=,0.125,>,128,=,0.25,>,512,=,32
S01761-00,>,128,=,64,=,0.125,<=,1,=,8,>,512,=,0.03
S03883-00,>,128,=,64,=,0.25,=,2,<=,16,>,512,=,0.03
S06756-00,>,128,=,1,=,0.25,>,128,<=,2,>,512,=,32
S00285-01,>,128,=,64,=,0.25,=,2,<=,16,>,512,=,32
S00430-01,>,128,=,64,=,0.25,>,128,<=,16,>,512,=,0.03
S02202-01,>,128,=,8,=,0.25,=,2,<=,64,>,512,=,32
S02606-01,=,0.5,=,0.5,=,0.25,>,128,<=,2,<=,32,=,0.03
S03249-01,>,128,<=,0.25,=,0.25,=,2,<=,2,>,512,=,32
S04173-01,>,128,=,1,=,0.25,=,8,<=,16,>,512,=,0.03
S00795-02,>,128,=,8,=,0.25,=,2,<=,64,>,512,=,32
S03622-02,=,0.5,=,0.5,=,0.25,=,2,=,0.25,<=,32,=,0.03
S03632-02,=,0.5,=,0.5,=,0.25,=,2,<=,2,>,512,=,32
S06290-02,>,128,<=,0.25,=,0.125,>,128,=,2,>,512,=,32
S09211-02,>,128,=,64,=,0.25,=,2,<=,16,>,512,=,0.03
S00039-03,>,128,=,8,=,0.25,=,2,<=,4,>,512,=,32
S03612-03,=,0.5,=,1,=,0.25,=,2,=,0.5,=,64,=,0.03
S04066-03,=,64,=,1,=,0.25,=,2,<=,2,<=,32,=,0.03
S04294-03,=,64,=,64,=,0.25,>,128,<=,16,>,512,=,0.03
S06036-03,>,128,=,1,=,0.25,>,128,<=,16,>,512,=,8
S06216-03,=,64,=,64,=,0.25,=,2,<=,16,>,512,=,32
S07053-03,>,128,<=,0.25,=,0.25,=,2,<=,16,>,512,=,0.03
S07102-03,=,0.5,=,1,=,0.25,=,2,<=,0.25,=,64,=,0.03
S07623-03,>,128,>,128,=,0.125,>,128,=,8,>,512,=,0.06
S07625-03,>,128,=,64,=,0.25,>,128,=,32,>,512,=,0.03
S07896-03,>,128,=,64,=,0.25,<=,1,=,32,>,512,=,0.03
S01710-04,>,128,=,0.5,=,32,<=,1,=,8,<=,32,=,0.25
S02357-04,<=,0.25,=,1,=,0.125,=,2,=,2,=,64,=,0.03
S04488-04,>,128,=,64,=,8,<=,1,=,32,>,512,=,0.03
S04635-04,=,0.5,=,1,=,0.25,=,2,=,32,=,64,=,0.03
L00911-05,=,0.5,=,1,=,0.125,=,2,=,2,<=,32,=,0.03
L02428-05,<=,0.25,=,1,=,1,=,2,=,16,=,64,=,0.03
S06569-05,<=,0.25,=,1,=,0.125,=,2,=,128,>,512,=,0.03
L00886-06,<=,0.25,=,0.5,=,0.125,=,2,=,2,<=,32,=,0.03
S02185-06,<=,0.25,=,1,=,0.5,<=,1,=,16,<=,32,=,0.03
S03274-06,=,0.5,=,0.5,=,0.125,>,128,=,4,=,64,=,0.03
L00461-07,>,128,=,64,=,0.125,>,128,=,32,>,512,=,0.03
S02159-07,<=,0.25,=,0.5,=,0.125,<=,1,=,2,=,64,=,0.03
S04055-07,<=,0.25,>,128,=,0.125,>,128,<=,2,>,512,=,0.25
L01077-08,=,0.5,=,1,=,0.125,=,2,=,2,>,512,=,16
S00083-08,>,128,=,32,=,0.5,=,2,>,256,>,512,=,4
S01194-08,>,128,=,1,=,0.125,>,128,=,2,>,512,=,16
S02790-08,<=,0.25,=,1,=,0.125,=,2,=,2,<=,32,=,0.03
S06001-08,<=,0.25,=,1,=,0.125,=,16,=,256,>,512,=,0.03
L01443-09,<=,0.25,=,0.5,=,0.125,=,2,=,4,<=,32,=,0.03
S04655-09,<=,0.25,=,32,=,0.125,=,2,=,256,>,512,=,8
S05231-09,>,128,=,64,=,0.125,>,128,=,32,>,512,=,0.03
S05290-09,<=,0.25,=,0.5,=,0.125,=,16,=,2,<=,32,=,0.03
L00005-10,>,128,=,16,=,0.125,=,2,=,4,>,512,=,8
L00427-10,>,128,=,1,=,0.125,=,2,=,4,>,512,=,1
S00399-10,=,0.5,=,1,=,0.125,=,2,=,2,=,64,=,0.03
S03040-10,>,128,=,64,=,0.125,>,128,=,128,>,512,=,16
L00738-11,<=,0.25,=,1,=,0.25,>,128,=,4,=,64,=,0.03
L00746-11,<=,0.25,=,16,=,32,=,2,=,4,>,512,=,16
L00777-11,<=,0.25,=,1,=,0.125,<=,1,=,2,=,64,=,0.03
L01210-11,=,0.5,=,16,=,0.25,=,2,=,256,>,512,=,16
S00454-11,<=,0.25,=,0.5,=,0.25,=,2,=,2,=,64,=,0.03
S01727-11,<=,0.25,=,0.5,=,0.25,>,128,=,4,=,64,=,0.03
S02336-11,<=,0.25,=,0.5,=,0.125,<=,1,=,4,<=,32,=,0.03
S02636-11,>,128,=,64,=,0.125,>,128,=,4,>,512,=,16
S03924-11,<=,0.25,=,16,=,32,=,2,=,256,>,512,=,8
S02347-12,>,128,=,1,=,0.25,>,128,=,4,>,512,=,0.03
S06636-12,<=,0.25,=,1,=,32,=,2,=,256,<=,32,=,0.03
S00478-13,<=,0.25,=,0.5,=,0.125,<=,1,=,4,>,512,=,0.03
S01870-13,>,128,=,1,=,0.125,=,2,=,128,>,512,=,8
S03120-13,<=,0.25,<=,0.25,=,0.125,<=,1,=,2,<=,32,=,0.03
S03862-13,<=,0.25,=,0.5,=,0.125,=,2,=,4,<=,32,=,0.5
S01119-14,>,128,=,16,=,0.25,<=,1,=,8,>,512,=,16
S02289-14,>,128,=,1,=,0.125,=,2,=,128,>,512,=,16
S03086-14,>,128,=,1,=,0.125,=,2,=,64,>,512,=,0.03
S03195-14,>,128,=,4,=,0.125,=,2,=,4,>,512,=,16
S05247-14,>,128,=,1,=,0.125,=,2,=,64,>,512,=,0.03
