sample,NAL,AMP,SXT,CHL,GEN,STR,SMX
S00039-03,28.1043,0,0,12.1785,26.543,13.1154,0
S03558-99,28.72888,0,33.10067,0,27.79207,0,0
S03622-02,25.2939,28.10434,33.41294,27.16753,27.16753,19.98531,29.66569
S05339-97,28.72888,33.10067,35.59883,31.22704,26.85526,0,0
S06290-02,0,0,0,11.24174,29.04115,14.98898,0
S07487-96,30.29023,34.66202,35.9111,30.29023,29.66569,21.85893,26.85526
L00005-10,30.6025,0,0,0,28.41661,14.36444,0
L00427-10,26.85526,0,0,31.85158,27.4798,11.55401,0
L00461-07,0,0,33.4129,0,27.1675,0,0
L00738-11,0,30.6025,36.8479,32.7884,25.6062,15.6135,28.4166
L00746-11,29.0411,32.1639,0,13.4276,11.8663,14.0522,0
L00777-11,27.4798,34.3497,37.7847,30.6025,28.1043,15.9258,20.6098
L00886-06,24.798,29.041,34.34975,30.2923,26.85526,17.48714,25.2939
L00911-05,28.10434,34.66202,34.97429,32.47612,28.41661,19.0485,22.48347
L01077-08,29.6657,32.7884,0,31.8516,27.4798,17.4871,0
L01210-11,27.1675,35.9111,0,10.6172,26.8553,0,0
L01443-09,30.2902,31.5393,45.9038,34.3497,25.9184,14.6767,34.0375
L02428-05,28.10434,32.47612,38.09699,33.41294,21.54666,0,24.35709
S00083-08,26.85526,0,0,10.30492,26.85526,0,0
S00285-01,29.35342,0,32.16385,0,27.4798,0,0
S00399-10,27.16753,29.35342,35.59883,31.53931,26.85526,19.0485,25.2939
S00430-01,0,0,34.66202,11.24174,26.23072,0,0
S00454-11,24.9816,30.9148,38.4093,33.7252,27.7921,13.7399,27.4798
S00478-13,32.4761,0,34.662,31.5393,15.6135,0,0
S00795-02,29.66569,0,0,11.55401,29.97796,11.86628,0
S01117-00,28.10434,0,31.53931,31.22704,25.91845,16.55033,0
S01119-14,29.0411,0,0,10.9295,27.1675,0,0
S01131-99,24.04482,0,0,0,27.79207,0,0
S01145-94,28.7289,36.2234,47.1528,35.2866,31.5393,16.8626,47.4651
S01194-08,0,0,0,34.662,27.7921,16.5503,0
S01566-00,0,0,0,0,27.16753,0,0
S01591-98,24.98163,30.29023,36.22337,32.47612,27.79207,18.42396,35.9111
S01710-04,28.72888,0,15.92579,30.91477,10.61719,11.24174,27.79201
S01727-11,0,30.6025,38.4093,33.7252,28.7289,16.2381,33.1007
S01727-98,29.66569,0,32.78839,0,26.23072,0,0
S01761-00,30.91477,0,35.28656,0,27.4798,0,0
S01870-13,28.4166,0,0,33.1007,26.2307,0,0
S02159-07,28.7289,32.7884,38.4093,30.9148,27.1675,16.8626,25.9184
S02185-06,32.1639,37.7847,38.7215,36.2234,24.3571,0,23.4203
S02202-01,28.41661,0,0,0,27.16753,14.98898,0
S02289-14,30.2902,0,0,35.5988,26.2307,0,0
S02336-11,31.8516,36.5356,42.4688,40.2829,26.8553,18.424,40.2829
S02347-12,0,0,31.5393,33.1007,27.1675,0,0
S02357-04,26.85526,29.35342,32.78839,26.54299,26.23072,18.42396,23.42028
S02606-01,0,32.47612,38.40926,31.53931,25.2939,17.17487,26.54299
S02636-11,27.7921,0,0,10.6172,14.0522,0,43.0933
S02790-08,27.4798,32.7884,37.1602,29.0411,27.4798,17.1749,29.0411
S03040-10,0,0,0,0,29.35342,0,0
S03086-14,28.4166,0,35.2866,28.1043,27.7921,0,0
S03120-13,28.4166,31.8516,34.0375,29.3534,27.1675,15.9258,27.7921
S03195-14,29.978,2.49816,1.87362,34.0375,31.227,0,0
S03249-01,26.23072,0,0,0,27.79207,12.80309,0
S03274-06,0,31.5393,36.8479,34.0375,28.1043,12.8031,24.3571
S03612-03,28.72888,33.41294,33.72521,32.47612,26.85526,19.67304,27.16753
S03632-02,26.85526,33.72521,0,10.92946,27.79207,13.7399,0
S03862-13,27.4798,33.4129,39.9706,31.227,25.6062,11.8663,33.7252
S03883-00,29.97796,0,31.22704,0,26.23072,0,0
S03924-11,27.4798,37.1602,0,10.9295,10.3049,0,0
S04055-07,0,20.2976,20.2976,5.62087,30.6025,13.7399,0
S04066-03,26.23072,0,33.72521,28.10434,26.85526,18.11168,29.97796
S04173-01,29.66569,0,33.10067,0,26.54299,0,0
S04246-97,29.04115,36.53564,0,31.85158,29.35342,19.67304,0
S04294-03,28.72888,0,31.85158,0,27.16753,0,0
S04322-99,29.04115,0,32.16385,0,26.23072,0,0
S04488-04,28.72888,0,31.22704,0,15.61352,4.684056,4.059516
S04635-04,28.10434,34.03748,32.16385,31.22704,26.85526,0,23.42028
S04655-09,27.7921,34.0375,0,0,29.0411,0,2.49816
S04790-97,27.79207,0,32.78839,0,27.79207,0,0
S05231-09,0,0,35.2866,0,27.4798,0,0
S05247-14,28.7289,0,36.8479,35.9111,26.2307,0,0
S05290-09,27.1675,34.3497,39.3461,32.4761,26.543,17.1749,25.2939
S06001-08,14.3644,32.7884,33.7252,29.3534,26.8553,0,0
S06036-03,0,37.47245,0,34.34975,26.85526,0,0
S06216-03,30.29023,0,0,0,27.16753,0,0
S06569-05,28.72888,39.97061,43.71786,33.72521,29.04115,0,2.498163
S06618-99,0,23.73255,28.72888,21.85893,29.35342,0,0
S06636-12,26.8553,32.7884,36.8479,30.2902,11.554,0,0
S06719-94,29.3534,0,33.7252,0,27.1675,0,0
S06756-00,0,0,0,36.84791,27.16753,16.8626,0
S07053-03,0,0,33.10067,0,27.16753,0,0
S07102-03,28.41661,30.29023,34.97429,32.78839,27.79207,19.98531,23.73255
S07406-99,28.72888,35.59883,38.72153,33.41294,26.54299,20.29758,24.04482
S07452-95,30.91477,0,34.66202,0,27.79207,0,0
S07497-96,0,34.34975,33.10067,32.78839,27.4798,0,0
S07591-95,28.72888,0,34.66202,0,27.4798,0,0
S07623-03,0,0,30.91477,0,27.79207,0,0
S07625-03,0,0,34.66202,0,27.4798,0,0
S07896-03,29.97796,0,30.6025,0,27.16753,0,0
S08411-93,29.97796,0,32.78839,0,27.16753,0.624541,1.249082
S08457-97,29.97796,33.10067,35.28656,31.53931,29.04115,19.98531,26.85526
S08761-96,32.47612,36.22337,35.9111,36.22337,28.72888,19.98531,21.54666
S08887-98,0,0,38.40926,29.97796,27.4798,17.79941,25.91845
S09137-97,30.29023,0,35.28656,0,27.16753,0,0
S09202-95,28.10434,35.28656,0,31.22704,27.16753,0,0
S09211-02,30.6025,0,35.28656,0,27.4798,0,0
S09281-99,0,0,34.66202,0,26.85526,0,0
S10023-95,0,31.53931,35.9111,30.29023,27.16753,18.11168,27.4798
S10423-92,32.47612,0,0,0,27.79207,0,0
S10543-93,29.04115,0,0,0,12.49082,0,0
S10905-92,29.97796,0,35.59883,0,29.35342,0,0
S11013-96,32.16385,32.47612,32.78839,35.9111,25.91845,0,0
S12144-92,31.53931,34.03748,37.47245,33.72521,30.6025,13.11536,25.91845
