sample,gene,Type,Position,Mutation,%Identity,%Overlap,HSP Length/Total Length,Contig,Start,End
L00461-07,gyrA (D87N),codon,87,GAC -> AAC (D -> N),99.13,100,2637/2637,L00461-07_6_length_225780_cov_9.50226,202985,205621
L00738-11,gyrA (S83F),codon,83,TCC -> TTC (S -> F),99.13,100,2637/2637,L00738-11_7_length_225780_cov_9.99705,202985,205621
S00430-01,gyrA (D87N),codon,87,GAC -> AAC (D -> N),99.13,100,2637/2637,S00430-01_6_length_225780_cov_12.6586,202985,205621
S01194-08,gyrA (S83F),codon,83,TCC -> TTC (S -> F),99.13,100,2637/2637,S01194-08_9_length_225856_cov_10.3858,202986,205622
S01566-00,gyrA (S83Y),codon,83,TCC -> TAC (S -> Y),99.13,100,2637/2637,S01566-00_10_length_178714_cov_7.52856,155919,158555
S01727-11,gyrA (D87N),codon,87,GAC -> AAC (D -> N),99.13,100,2637/2637,S01727-11_7_length_225780_cov_9.92979,202985,205621
S02347-12,gyrA (S83F),codon,83,TCC -> TTC (S -> F),99.13,100,2637/2637,S02347-12_9_length_225856_cov_10.3556,202986,205622
S03040-10,gyrA (S83F),codon,83,TCC -> TTC (S -> F),99.13,100,2637/2637,S03040-10_9_length_225856_cov_12.7189,202986,205622
S03274-06,gyrA (D87Y),codon,87,GAC -> TAC (D -> Y),99.13,100,2637/2637,S03274-06_26_length_42756_cov_12.3458,20160,22796
S04055-07,gyrA (D87N),codon,87,GAC -> AAC (D -> N),99.13,100,2637/2637,S04055-07_12_length_135121_cov_10.6704,112326,114962
S05231-09,gyrA (D87Y),codon,87,GAC -> TAC (D -> Y),99.13,100,2637/2637,S05231-09_7_length_225780_cov_10.4554,202985,205621
S06036-03,gyrA (D87N),codon,87,GAC -> AAC (D -> N),99.13,100,2637/2637,S06036-03_6_length_225780_cov_11.3136,202985,205621
S06290-02,gyrA (S83F),codon,83,TCC -> TTC (S -> F),99.13,100,2637/2637,S06290-02_9_length_225856_cov_11.541,202986,205622
S06618-99,gyrA (S83F),codon,83,TCC -> TTC (S -> F),99.13,100,2637/2637,S06618-99_6_length_225780_cov_6.51268,202985,205621
S06756-00,gyrA (S83F),codon,83,TCC -> TTC (S -> F),99.13,100,2637/2637,S06756-00_9_length_225856_cov_10.5939,202986,205622
S07053-03,gyrA (D87N),codon,87,GAC -> AAC (D -> N),99.13,100,2637/2637,S07053-03_6_length_225780_cov_20.8563,202985,205621
S07497-96,gyrA (D87N),codon,87,GAC -> AAC (D -> N),99.13,100,2637/2637,S07497-96_6_length_225780_cov_11.4932,202985,205621
S07623-03,gyrA (S83F),codon,83,TCC -> TTC (S -> F),99.13,100,2637/2637,S07623-03_6_length_225780_cov_12.7791,202985,205621
S07625-03,gyrA (D87N),codon,87,GAC -> AAC (D -> N),99.13,100,2637/2637,S07625-03_6_length_225780_cov_15.3786,202985,205621
S08887-98,gyrA (S83F),codon,83,TCC -> TTC (S -> F),99.13,100,2637/2637,S08887-98_8_length_225781_cov_13.2678,202986,205622
S09281-99,gyrA (D87N),codon,87,GAC -> AAC (D -> N),99.13,100,2637/2637,S09281-99_6_length_225780_cov_8.17114,202985,205621
S10023-95,gyrA (S83F),codon,83,TCC -> TTC (S -> F),99.13,100,2637/2637,S10023-95_9_length_225856_cov_11.4356,202986,205622
