"sample","dfrA1.match","dfrA12.match","dfrA14.match","SXT"
"L00005-10",0,1,0,1
"L00427-10",0,1,0,1
"L00461-07",0,0,0,0
"L00738-11",0,0,0,0
"L00746-11",0,1,0,1
"L00777-11",0,1,0,1
"L00886-06",0,0,0,0
"L00911-05",0,0,0,0
"L01077-08",0,0,1,1
"L01210-11",0,1,0,1
"L01443-09",0,0,0,0
"L02428-05",0,0,0,0
"S00039-03",0,1,0,1
"S00083-08",0,1,0,1
"S00285-01",0,0,1,1
"S00399-10",0,0,0,0
"S00430-01",0,0,0,0
"S00454-11",0,0,0,0
"S00478-13",0,0,0,0
"S00795-02",0,1,0,1
"S01117-00",0,0,0,0
"S01119-14",0,1,0,1
"S01131-99",0,0,1,1
"S01145-94",0,0,0,0
"S01194-08",0,0,1,1
"S01566-00",0,0,1,1
"S01591-98",0,0,0,0
"S01710-04",0,1,0,1
"S01727-11",0,0,0,0
"S01727-98",0,0,0,0
"S01761-00",0,0,0,0
"S01870-13",1,0,0,1
"S02159-07",0,0,0,0
"S02185-06",0,0,0,0
"S02202-01",0,0,0,0
"S02289-14",1,0,0,1
"S02336-11",0,0,0,0
"S02347-12",0,0,0,0
"S02357-04",0,0,0,0
"S02606-01",0,0,0,0
"S02636-11",0,1,0,1
"S02790-08",0,0,0,0
"S03040-10",0,1,0,1
"S03086-14",0,0,0,0
"S03120-13",0,0,0,0
"S03195-14",1,0,0,1
"S03249-01",0,1,0,1
"S03274-06",0,0,0,0
"S03558-99",0,0,0,0
"S03612-03",0,0,0,0
"S03622-02",0,0,0,0
"S03632-02",0,1,0,1
"S03862-13",0,0,0,0
"S03883-00",0,0,0,0
"S03924-11",0,1,0,1
"S04055-07",0,0,0,0
"S04066-03",0,0,0,0
"S04173-01",0,0,0,0
"S04246-97",0,0,1,1
"S04294-03",0,0,0,0
"S04322-99",0,0,0,0
"S04488-04",0,0,0,0
"S04635-04",0,0,0,0
"S04655-09",0,1,0,1
"S04790-97",0,0,0,0
"S05231-09",0,0,0,0
"S05247-14",0,0,0,0
"S05290-09",0,0,0,0
"S05339-97",0,0,0,0
"S06001-08",0,0,0,0
"S06036-03",0,0,1,1
"S06216-03",0,0,1,1
"S06290-02",0,1,0,1
"S06569-05",0,0,0,0
"S06618-99",0,0,0,0
"S06636-12",0,0,0,0
"S06719-94",0,0,0,0
"S06756-00",0,0,1,1
"S07053-03",0,0,0,0
"S07102-03",0,0,0,0
"S07406-99",0,0,0,0
"S07452-95",0,0,0,0
"S07487-96",0,0,0,0
"S07497-96",0,0,0,0
"S07591-95",0,0,0,0
"S07623-03",0,0,0,0
"S07625-03",0,0,0,0
"S07896-03",0,0,0,0
"S08411-93",0,0,0,0
"S08457-97",0,0,0,0
"S08761-96",0,0,0,0
"S08887-98",0,0,0,0
"S09137-97",0,0,0,0
"S09202-95",0,0,1,1
"S09211-02",0,0,0,0
"S09281-99",0,0,0,0
"S10023-95",0,0,0,0
"S10423-92",1,0,0,1
"S10543-93",0,0,1,1
"S10905-92",0,0,0,0
"S11013-96",0,0,0,0
"S12144-92",0,0,0,0
